{
  "model_name": "diabetes",
  "model_type": "Ensemble (RF+XGB+LGBM+GB)",
  "features": [
    "Pregnancies",
    "Glucose",
    "BloodPressure",
    "SkinThickness",
    "Insulin",
    "BMI",
    "DiabetesPedigreeFunction",
    "Age"
  ],
  "n_features": 8,
  "n_samples_train": 614,
  "n_samples_test": 154,
  "metrics": {
    "accuracy": 0.7272727272727273,
    "precision": 0.7250788427259015,
    "recall": 0.7272727272727273,
    "f1_score": 0.7260499634869146,
    "roc_auc": 0.8101851851851852
  },
  "cv_scores": {
    "mean": 0.7605757696921231,
    "std": 0.016875924510412883
  }
}